GROUP,PACKAGE,CLASS,INSTRUCTION_MISSED,INSTRUCTION_COVERED,BRANCH_MISSED,BRANCH_COVERED,LINE_MISSED,LINE_COVERED,COMPLEXITY_MISSED,COMPLEXITY_COVERED,METHOD_MISSED,METHOD_COVERED
retail-store-app,com.retailapp.billing.beans,UserDetails,36,35,0,0,1,12,1,6,1,6
retail-store-app,com.retailapp.billing.beans,ShoppingCart,12,11,0,0,1,4,1,2,1,2
retail-store-app,com.retailapp.billing.beans,Invoice,29,27,0,0,1,10,1,5,1,5
retail-store-app,com.retailapp.billing.beans,Products,12,11,0,0,1,4,1,2,1,2
retail-store-app,com.retailapp.billing.beans,Product,39,89,3,3,1,22,4,10,1,10
retail-store-app,com.retailapp.billing.beans,Shopper,22,25,0,0,1,10,1,5,1,5
retail-store-app,com.retailapp.billing.helpers,Utility,3,326,3,7,1,66,4,10,1,8
retail-store-app,com.retailapp.billing.exceptions,InventoryShortageException,26,0,0,0,10,0,5,0,5,0
retail-store-app,com.retailapp.billing.services.impls,MyStoreDBService,0,77,4,6,0,19,4,5,0,4
retail-store-app,com.retailapp.billing.services.impls,MyInvoiceService,0,70,0,0,0,21,0,3,0,3
retail-store-app,com.retailapp.billing.services.impls,MyCartService,47,74,6,4,14,20,7,7,3,6
retail-store-app,com.retailapp.billing.daos.impls,MyStoreDao,0,86,2,4,0,18,2,6,0,5
retail-store-app,com.retailapp.billing.constants,ApplicationConstants,0,122,0,0,0,15,0,3,0,3
retail-store-app,com.retailapp.billing.constants,ProductTypes,0,54,0,0,0,6,0,1,0,1
retail-store-app,com.retailapp.billing.constants,InvoiceDiscounts,0,59,0,0,0,9,0,3,0,3
retail-store-app,com.retailapp.billing.constants,UserTypes,0,34,0,0,0,4,0,1,0,1
retail-store-app,com.retailapp.billing,ShoppingApplication,0,50,0,0,0,13,0,2,0,2
retail-store-app,com.retailapp.billing.strategies.impls,MyInvoiceGenerator,0,121,1,9,0,24,1,10,0,5
retail-store-app,com.retailapp.billing.strategies.impls,MySecondInvoiceGenerator,121,0,10,0,24,0,11,0,5,0
retail-store-app,com.retailapp.billing.strategies.impls,Store.StoreLoader,0,6,0,0,0,1,0,1,0,1
retail-store-app,com.retailapp.billing.strategies.impls,MyCartLoadingStrategy,10,39,1,3,4,11,1,3,0,2
retail-store-app,com.retailapp.billing.strategies.impls,Store,0,109,0,0,0,23,0,4,0,4
